run_name,timestamp,family,teacher,manipulation,t_scale,student_head,student_arch,width_mult,student_pretrained,capacity_tag,gate_signal,preregistration_block,seed,epochs,swa_start,kd_temperature,alpha,class_weight_mode,best_epoch,acc,ece,ece_source,macro_f1,params_m,flops_g,run_dir
RAFDB_7cls_lightle_vich_from_vae9182_224,2026-06-17-13-17-49,baseline,vae9182,none,1.0,vich,plus,1.0,True,w100,,,42,200,,4.0,0.3,,125,89.30899608865711,0.028990748215763015,cached,83.53678247634039,2.248291,0.328584384,results/unified_students/RAFDB_7cls_lightle_vich_from_vae9182_224/2026-06-17-13-17-49
RAFDB_7cls_lightle_vich_from_vae9182_256,2026-06-17-23-22-50,baseline,vae9182,none,1.0,vich,plus,1.0,True,w100,,,42,200,,4.0,0.3,,137,89.53715775749674,0.026314346170759572,cached,83.6025667517056,2.248291,0.429148224,results/unified_students/RAFDB_7cls_lightle_vich_from_vae9182_256/2026-06-17-23-22-50
RAFDB_bridge_baseline_b070_T6_224_400e_swa200_seed42,2026-07-21-22-56-23,baseline,unknown,none,1.0,vich,plus,1.0,True,w100,,,42,400,200,6.0,0.3,effective_number,351,89.08083441981746,0.06012879372264758,cached,82.7465824046806,2.248291,0.328584384,results/unified_students/RAFDB_bridge_baseline_b070_T6_224_400e_swa200_seed42/2026-07-21-22-56-23
RAFDB_ce9241_betaKD_b070_T6_224_amp_classw,2026-06-19-05-14-00,baseline,unknown,none,1.0,vich,plus,1.0,True,w100,,,42,200,90,6.0,0.3,effective_number,196,89.40677966101694,0.06742952728578444,cached,83.85701192289055,2.248291,0.328584384,results/unified_students/RAFDB_ce9241_betaKD_b070_T6_224_amp_classw/2026-06-19-05-14-00
RAFDB_ce9241_betaKD_b070_T6_224_best_400e_swa200,2026-06-20-00-22-09,baseline,unknown,none,1.0,vich,plus,1.0,True,w100,,,42,400,200,6.0,0.3,effective_number,281,89.47196870925684,0.07347018058949686,cached,83.27361790575219,2.248291,0.328584384,results/unified_students/RAFDB_ce9241_betaKD_b070_T6_224_best_400e_swa200/2026-06-20-00-22-09
RAFDB_ce9241_betaKD_b070_T6_224_feat003_amp_classw,2026-06-19-20-47-48,baseline,unknown,none,1.0,vich,plus,1.0,True,w100,,,42,200,90,6.0,0.3,effective_number,155,89.47196870925684,0.061852136303851626,cached,83.31880246576384,2.248291,0.328584384,results/unified_students/RAFDB_ce9241_betaKD_b070_T6_224_feat003_amp_classw/2026-06-19-20-47-48
RAFDB_ce9241_betaKD_b070_T6_256_amp_classw,2026-06-18-12-41-20,baseline,unknown,none,1.0,vich,plus,1.0,True,w100,,,42,200,90,6.0,0.3,effective_number,148,89.4393741851369,0.07159413008512311,cached,82.86141787274478,2.248291,0.429148224,results/unified_students/RAFDB_ce9241_betaKD_b070_T6_256_amp_classw/2026-06-18-12-41-20
RAFDB_ce9241_betaKD_b075_T6_224_t256_reg005_amp_classw,2026-06-19-14-26-31,baseline,unknown,none,1.0,vich,plus,1.0,True,w100,,,42,200,90,6.0,0.25,effective_number,166,89.47196870925684,0.07564550007279414,cached,82.72965097861294,2.248291,0.328584384,results/unified_students/RAFDB_ce9241_betaKD_b075_T6_224_t256_reg005_amp_classw/2026-06-19-14-26-31
RAFDB_primary_adaptive_t_b070_T6_224_400e_swa200,2026-07-18-08-02-57,mechanism_ablation,primary,adaptive_t,1.0,vich,plus,1.0,True,w100,,,42,400,200,6.0,0.3,effective_number,391,89.08083441981746,0.0665947126159068,cached,83.22477374348092,2.248291,0.328584384,results/unified_students/RAFDB_primary_adaptive_t_b070_T6_224_400e_swa200/2026-07-18-08-02-57
RAFDB_primary_adaptive_t_b070_T6_224_400e_swa200_seed1,2026-07-25-19-11-14,mechanism_ablation,primary,adaptive_t,1.0,vich,plus,1.0,True,w100,,,1,400,200,6.0,0.3,effective_number,236,89.01564537157758,0.07070383336273602,cached,83.10308775521526,2.248291,0.328584384,results/unified_students/RAFDB_primary_adaptive_t_b070_T6_224_400e_swa200_seed1/2026-07-25-19-11-14
RAFDB_primary_adaptive_t_b070_T6_224_400e_swa200_seed43,2026-07-25-19-11-14,mechanism_ablation,primary,adaptive_t,1.0,vich,plus,1.0,True,w100,,,43,400,200,6.0,0.3,effective_number,373,89.34159061277705,0.05925146442737231,cached,83.69509182636838,2.248291,0.328584384,results/unified_students/RAFDB_primary_adaptive_t_b070_T6_224_400e_swa200_seed43/2026-07-25-19-11-14
RAFDB_primary_baseline_b070_T6_224_400e_swa200_seed1,2026-07-21-06-53-05,baseline,primary,none,1.0,vich,plus,1.0,True,w100,,,1,400,200,6.0,0.3,effective_number,316,89.47196870925684,0.06637512796316807,cached,83.41965397746253,2.248291,0.328584384,results/unified_students/RAFDB_primary_baseline_b070_T6_224_400e_swa200_seed1/2026-07-21-06-53-05
RAFDB_primary_baseline_b070_T6_224_400e_swa200_seed43,2026-07-20-22-41-20,baseline,primary,none,1.0,vich,plus,1.0,True,w100,,,43,400,200,6.0,0.3,effective_number,278,89.63494132985659,0.05052164845858279,cached,83.00029604323136,2.248291,0.328584384,results/unified_students/RAFDB_primary_baseline_b070_T6_224_400e_swa200_seed43/2026-07-20-22-41-20
RAFDB_primary_baseline_noclassweight_b070_T6_224_400e_swa200_seed1,2026-07-30-21-26-04,baseline,primary,none,1.0,vich,plus,1.0,True,w100,,A8-P4,1,400,200,6.0,0.3,none,137,88.85267275097783,0.07413754371302068,cached,83.21282244345218,2.248291,0.328584384,results/unified_students/RAFDB_primary_baseline_noclassweight_b070_T6_224_400e_swa200_seed1/2026-07-30-21-26-04
RAFDB_primary_baseline_noclassweight_b070_T6_224_400e_swa200_seed42,2026-07-30-16-50-39,baseline,primary,none,1.0,vich,plus,1.0,True,w100,,A8-P4,42,400,200,6.0,0.3,none,370,89.14602346805736,0.07253582496803151,cached,83.4278516080081,2.248291,0.328584384,results/unified_students/RAFDB_primary_baseline_noclassweight_b070_T6_224_400e_swa200_seed42/2026-07-30-16-50-39
RAFDB_primary_baseline_noclassweight_b070_T6_224_400e_swa200_seed43,2026-07-31-02-06-02,baseline,primary,none,1.0,vich,plus,1.0,True,w100,,A8-P4,43,400,200,6.0,0.3,none,312,89.21121251629727,0.06519949839801334,cached,83.2358671094708,2.248291,0.328584384,results/unified_students/RAFDB_primary_baseline_noclassweight_b070_T6_224_400e_swa200_seed43/2026-07-31-02-06-02
RAFDB_primary_ctkd_b070_T6_224_400e_swa200,2026-07-18-12-08-02,mechanism_ablation,primary,ctkd,1.0,vich,plus,1.0,True,w100,,,42,400,200,6.0,0.3,effective_number,369,89.53715775749674,0.06966086776715835,cached,83.26431421807482,2.248291,0.328584384,results/unified_students/RAFDB_primary_ctkd_b070_T6_224_400e_swa200/2026-07-18-12-08-02
RAFDB_primary_g2g_kl_b070_T6_224_400e_swa200,2026-07-19-02-59-54,mechanism_ablation,primary,g2g_kl,1.0,vich,plus,1.0,True,w100,,,42,400,200,6.0,0.3,effective_number,293,89.21121251629727,0.05758149728586963,cached,83.3152749759938,2.248291,0.328584384,results/unified_students/RAFDB_primary_g2g_kl_b070_T6_224_400e_swa200/2026-07-19-02-59-54
RAFDB_primary_g2g_kl_b070_T6_224_400e_swa200_seed1,2026-07-21-02-46-00,mechanism_ablation,primary,g2g_kl,1.0,vich,plus,1.0,True,w100,,,1,400,200,6.0,0.3,effective_number,265,89.4393741851369,0.057494155470053564,cached,83.3373430695688,2.248291,0.328584384,results/unified_students/RAFDB_primary_g2g_kl_b070_T6_224_400e_swa200_seed1/2026-07-21-02-46-00
RAFDB_primary_g2g_kl_b070_T6_224_400e_swa200_seed43,2026-07-21-06-52-12,mechanism_ablation,primary,g2g_kl,1.0,vich,plus,1.0,True,w100,,,43,400,200,6.0,0.3,effective_number,339,89.27640156453715,0.053084369287419345,cached,83.81638198339193,2.248291,0.328584384,results/unified_students/RAFDB_primary_g2g_kl_b070_T6_224_400e_swa200_seed43/2026-07-21-06-52-12
RAFDB_primary_gate_noclassweight_b070_T6_224_400e_swa200,2026-07-19-10-39-49,mechanism_ablation,primary,gate,1.0,vich,plus,1.0,True,w100,mean_logvar,B2,42,400,200,6.0,0.3,none,308,89.21121251629727,0.06543962595282508,cached,83.41750779286184,2.248291,0.328584384,results/unified_students/RAFDB_primary_gate_noclassweight_b070_T6_224_400e_swa200/2026-07-19-10-39-49
RAFDB_primary_gate_noclassweight_b070_T6_224_400e_swa200_seed1,2026-08-07-19-50-25,mechanism_ablation,primary,gate,1.0,vich,plus,1.0,True,w100,mean_logvar,A12,1,400,200,6.0,0.3,none,342,89.50456323337679,0.06077512355601462,cached,83.79247680198583,2.248291,0.328584384,results/unified_students/RAFDB_primary_gate_noclassweight_b070_T6_224_400e_swa200_seed1/2026-08-07-19-50-25
RAFDB_primary_gate_noclassweight_b070_T6_224_400e_swa200_seed43,2026-08-07-22-08-47,mechanism_ablation,primary,gate,1.0,vich,plus,1.0,True,w100,mean_logvar,A12,43,400,200,6.0,0.3,none,132,88.98305084745762,0.06358340743934005,cached,83.35539035541927,2.248291,0.328584384,results/unified_students/RAFDB_primary_gate_noclassweight_b070_T6_224_400e_swa200_seed43/2026-08-07-22-08-47
RAFDB_primary_gate_oracle_error_b070_T6_224_400e_swa200_seed1,2026-07-31-21-14-59,mechanism_ablation,primary,gate,1.0,vich,plus,1.0,True,w100,oracle_error,A8-P5,1,400,200,6.0,0.3,none,149,89.53715775749674,0.06503987367200573,cached,83.66873750956543,2.248291,0.328584384,results/unified_students/RAFDB_primary_gate_oracle_error_b070_T6_224_400e_swa200_seed1/2026-07-31-21-14-59
RAFDB_primary_gate_oracle_error_b070_T6_224_400e_swa200_seed42,2026-07-31-16-34-21,mechanism_ablation,primary,gate,1.0,vich,plus,1.0,True,w100,oracle_error,A8-P5,42,400,200,6.0,0.3,none,331,88.88526727509777,0.06749819867031204,cached,82.1824480921655,2.248291,0.328584384,results/unified_students/RAFDB_primary_gate_oracle_error_b070_T6_224_400e_swa200_seed42/2026-07-31-16-34-21
RAFDB_primary_gate_oracle_error_b070_T6_224_400e_swa200_seed43,2026-08-01-01-53-22,mechanism_ablation,primary,gate,1.0,vich,plus,1.0,True,w100,oracle_error,A8-P5,43,400,200,6.0,0.3,none,297,89.21121251629727,0.06433499151794665,cached,83.21997360746158,2.248291,0.328584384,results/unified_students/RAFDB_primary_gate_oracle_error_b070_T6_224_400e_swa200_seed43/2026-08-01-01-53-22
RAFDB_primary_gate_target_logvar_b070_T6_224_400e_swa200,2026-07-20-04-53-00,mechanism_ablation,primary,gate,1.0,vich,plus,1.0,True,w100,target_logvar,B2,42,400,200,6.0,0.3,none,319,89.14602346805736,0.06540035520045201,cached,82.46600971776078,2.248291,0.328584384,results/unified_students/RAFDB_primary_gate_target_logvar_b070_T6_224_400e_swa200/2026-07-20-04-53-00
RAFDB_primary_gate_target_logvar_b070_T6_224_400e_swa200_seed1,2026-08-08-00-29-05,mechanism_ablation,primary,gate,1.0,vich,plus,1.0,True,w100,target_logvar,A12,1,400,200,6.0,0.3,none,300,89.374185136897,0.06609321888803348,cached,82.95072819013932,2.248291,0.328584384,results/unified_students/RAFDB_primary_gate_target_logvar_b070_T6_224_400e_swa200_seed1/2026-08-08-00-29-05
RAFDB_primary_gate_target_logvar_b070_T6_224_400e_swa200_seed43,2026-08-08-02-50-40,mechanism_ablation,primary,gate,1.0,vich,plus,1.0,True,w100,target_logvar,A12,43,400,200,6.0,0.3,none,324,89.08083441981746,0.0614808692148798,cached,82.73322279138446,2.248291,0.328584384,results/unified_students/RAFDB_primary_gate_target_logvar_b070_T6_224_400e_swa200_seed43/2026-08-08-02-50-40
RAFDB_primary_logit_std_b070_T6_224_400e_swa200,2026-07-18-03-53-27,mechanism_ablation,primary,logit_std,1.0,vich,plus,1.0,True,w100,,,42,400,200,6.0,0.3,effective_number,363,89.04823989569752,0.18397482749769245,cached,83.19542445070722,2.248291,0.328584384,results/unified_students/RAFDB_primary_logit_std_b070_T6_224_400e_swa200/2026-07-18-03-53-27
RAFDB_primary_logit_std_b070_T6_224_400e_swa200_seed1,2026-07-29-05-29-38,mechanism_ablation,primary,logit_std,1.0,vich,plus,1.0,True,w100,,A7,1,400,200,6.0,0.3,effective_number,259,89.14602346805736,0.1738477524326242,cached,82.69120847774423,2.248291,0.328584384,results/unified_students/RAFDB_primary_logit_std_b070_T6_224_400e_swa200_seed1/2026-07-29-05-29-38
RAFDB_primary_logit_std_b070_T6_224_400e_swa200_seed43,2026-07-29-05-29-38,mechanism_ablation,primary,logit_std,1.0,vich,plus,1.0,True,w100,,A7,43,400,200,6.0,0.3,effective_number,210,89.17861799217731,0.18100719611892646,cached,83.42077565532752,2.248291,0.328584384,results/unified_students/RAFDB_primary_logit_std_b070_T6_224_400e_swa200_seed43/2026-07-29-05-29-38
RAFDB_stage1_adaptive_t_b070_T6_224_200e_noSWA,2026-07-19-22-50-15,mechanism_ablation,stage1,adaptive_t,1.0,vich,plus,1.0,True,w100,,,42,200,,6.0,0.3,effective_number,129,89.66753585397653,0.06800825128421634,cached,83.77748036871037,2.248291,0.328584384,results/unified_students/RAFDB_stage1_adaptive_t_b070_T6_224_200e_noSWA/2026-07-19-22-50-15
RAFDB_stage1_adaptive_t_b070_T6_224_400e_swa200,2026-07-18-18-42-25,mechanism_ablation,stage1,adaptive_t,1.0,vich,plus,1.0,True,w100,,,42,400,200,6.0,0.3,effective_number,399,90.02607561929595,0.060567119956560514,cached,84.89711269901322,2.248291,0.328584384,results/unified_students/RAFDB_stage1_adaptive_t_b070_T6_224_400e_swa200/2026-07-18-18-42-25
RAFDB_stage1_adaptive_t_b070_T6_224_400e_swa200_seed1,2026-07-22-07-09-06,mechanism_ablation,stage1,adaptive_t,1.0,vich,plus,1.0,True,w100,,,1,400,200,6.0,0.3,effective_number,340,89.79791395045632,0.06756826487735322,cached,83.74733752274126,2.248291,0.328584384,results/unified_students/RAFDB_stage1_adaptive_t_b070_T6_224_400e_swa200_seed1/2026-07-22-07-09-06
RAFDB_stage1_adaptive_t_b070_T6_224_400e_swa200_seed43,2026-07-25-23-19-01,mechanism_ablation,stage1,adaptive_t,1.0,vich,plus,1.0,True,w100,,,43,400,200,6.0,0.3,effective_number,397,90.05867014341591,0.06860542546039766,cached,84.22815759833053,2.248291,0.328584384,results/unified_students/RAFDB_stage1_adaptive_t_b070_T6_224_400e_swa200_seed43/2026-07-25-23-19-01
RAFDB_stage1_baseline_b070_T6_224_200e_noSWA,2026-07-19-15-21-14,baseline,stage1,none,1.0,vich,plus,1.0,True,w100,,,42,200,,6.0,0.3,effective_number,137,89.53715775749674,0.05794793267332435,cached,83.44897405823204,2.248291,0.328584384,results/unified_students/RAFDB_stage1_baseline_b070_T6_224_200e_noSWA/2026-07-19-15-21-14
RAFDB_stage1_baseline_b070_T6_224_400e_swa200_seed1,2026-07-21-22-57-33,baseline,stage1,none,1.0,vich,plus,1.0,True,w100,,,1,400,200,6.0,0.3,effective_number,328,89.83050847457628,0.06197177824677203,cached,84.2628021604401,2.248291,0.328584384,results/unified_students/RAFDB_stage1_baseline_b070_T6_224_400e_swa200_seed1/2026-07-21-22-57-33
RAFDB_stage1_baseline_b070_T6_224_400e_swa200_seed43,2026-07-22-03-03-17,baseline,stage1,none,1.0,vich,plus,1.0,True,w100,,,43,400,200,6.0,0.3,effective_number,347,89.76531942633638,0.06927307838916469,cached,83.8624096056084,2.248291,0.328584384,results/unified_students/RAFDB_stage1_baseline_b070_T6_224_400e_swa200_seed43/2026-07-22-03-03-17
RAFDB_stage1_baseline_noclassweight_b070_T6_224_400e_swa200_seed1,2026-07-30-19-08-16,baseline,stage1,none,1.0,vich,plus,1.0,True,w100,,A8-P4,1,400,200,6.0,0.3,none,266,89.73272490221643,0.06696827307518333,cached,83.92866264985281,2.248291,0.328584384,results/unified_students/RAFDB_stage1_baseline_noclassweight_b070_T6_224_400e_swa200_seed1/2026-07-30-19-08-16
RAFDB_stage1_baseline_noclassweight_b070_T6_224_400e_swa200_seed42,2026-07-30-14-32-07,baseline,stage1,none,1.0,vich,plus,1.0,True,w100,,A8-P4,42,400,200,6.0,0.3,none,386,89.86310299869622,0.0608102340042358,cached,84.12712373719145,2.248291,0.328584384,results/unified_students/RAFDB_stage1_baseline_noclassweight_b070_T6_224_400e_swa200_seed42/2026-07-30-14-32-07
RAFDB_stage1_baseline_noclassweight_b070_T6_224_400e_swa200_seed43,2026-07-30-23-43-35,baseline,stage1,none,1.0,vich,plus,1.0,True,w100,,A8-P4,43,400,200,6.0,0.3,none,310,89.86310299869622,0.0675661026401812,cached,83.39421395892724,2.248291,0.328584384,results/unified_students/RAFDB_stage1_baseline_noclassweight_b070_T6_224_400e_swa200_seed43/2026-07-30-23-43-35
RAFDB_stage1_ctkd_b070_T6_224_200e_noSWA,2026-07-20-00-00-00,mechanism_ablation,stage1,ctkd,1.0,vich,plus,1.0,True,w100,,,42,200,,6.0,0.3,effective_number,131,89.83050847457628,0.07223800307496742,cached,84.43763601984618,2.248291,0.328584384,results/unified_students/RAFDB_stage1_ctkd_b070_T6_224_200e_noSWA/2026-07-20-00-00-00
RAFDB_stage1_ctkd_b070_T6_224_400e_swa200,2026-07-18-22-50-12,mechanism_ablation,stage1,ctkd,1.0,vich,plus,1.0,True,w100,,,42,400,200,6.0,0.3,effective_number,316,89.60234680573663,0.07248698225465872,cached,83.79006038028723,2.248291,0.328584384,results/unified_students/RAFDB_stage1_ctkd_b070_T6_224_400e_swa200/2026-07-18-22-50-12
RAFDB_stage1_g2g_kl_b070_T6_224_200e_noSWA,2026-07-19-18-44-14,mechanism_ablation,stage1,g2g_kl,1.0,vich,plus,1.0,True,w100,,,42,200,,6.0,0.3,effective_number,149,89.63494132985659,0.06826935042633227,cached,83.5797126541185,2.248291,0.328584384,results/unified_students/RAFDB_stage1_g2g_kl_b070_T6_224_200e_noSWA/2026-07-19-18-44-14
RAFDB_stage1_g2g_kl_b070_T6_224_400e_swa200,2026-07-18-10-33-06,mechanism_ablation,stage1,g2g_kl,1.0,vich,plus,1.0,True,w100,,,42,400,200,6.0,0.3,effective_number,285,90.09126466753585,0.06230866565639845,cached,84.7629335406299,2.248291,0.328584384,results/unified_students/RAFDB_stage1_g2g_kl_b070_T6_224_400e_swa200/2026-07-18-10-33-06
RAFDB_stage1_g2g_kl_b070_T6_224_400e_swa200_seed1,2026-07-22-03-01-52,mechanism_ablation,stage1,g2g_kl,1.0,vich,plus,1.0,True,w100,,,1,400,200,6.0,0.3,effective_number,147,90.05867014341591,0.05774549970881724,cached,84.3422810810724,2.248291,0.328584384,results/unified_students/RAFDB_stage1_g2g_kl_b070_T6_224_400e_swa200_seed1/2026-07-22-03-01-52
RAFDB_stage1_g2g_kl_b070_T6_224_400e_swa200_seed43,2026-07-22-07-09-35,mechanism_ablation,stage1,g2g_kl,1.0,vich,plus,1.0,True,w100,,,43,400,200,6.0,0.3,effective_number,299,89.34159061277705,0.06318293662433364,cached,82.37542562978943,2.248291,0.328584384,results/unified_students/RAFDB_stage1_g2g_kl_b070_T6_224_400e_swa200_seed43/2026-07-22-07-09-35
RAFDB_stage1_gate_b070_T6_224_200e_noSWA,2026-07-19-16-32-23,mechanism_ablation,stage1,gate,1.0,vich,plus,1.0,True,w100,mean_logvar,B2,42,200,,6.0,0.3,none,144,89.01564537157758,0.0679180586159307,cached,82.68317052364254,2.248291,0.328584384,results/unified_students/RAFDB_stage1_gate_b070_T6_224_200e_noSWA/2026-07-19-16-32-23
RAFDB_stage1_gate_noclassweight_b070_T6_224_400e_swa200,2026-07-19-08-10-43,mechanism_ablation,stage1,gate,1.0,vich,plus,1.0,True,w100,mean_logvar,B2,42,400,200,6.0,0.3,none,327,89.56975228161669,0.0677675457168589,cached,83.41674107409014,2.248291,0.328584384,results/unified_students/RAFDB_stage1_gate_noclassweight_b070_T6_224_400e_swa200/2026-07-19-08-10-43
RAFDB_stage1_gate_noclassweight_b070_T6_224_400e_swa200_seed1,2026-08-07-10-27-30,mechanism_ablation,stage1,gate,1.0,vich,plus,1.0,True,w100,mean_logvar,A12,1,400,200,6.0,0.3,none,376,89.60234680573663,0.06714708081202525,cached,84.2169367701792,2.248291,0.328584384,results/unified_students/RAFDB_stage1_gate_noclassweight_b070_T6_224_400e_swa200_seed1/2026-08-07-10-27-30
RAFDB_stage1_gate_noclassweight_b070_T6_224_400e_swa200_seed43,2026-08-07-12-47-04,mechanism_ablation,stage1,gate,1.0,vich,plus,1.0,True,w100,mean_logvar,A12,43,400,200,6.0,0.3,none,149,89.76531942633638,0.06780823668880288,cached,83.64319229563569,2.248291,0.328584384,results/unified_students/RAFDB_stage1_gate_noclassweight_b070_T6_224_400e_swa200_seed43/2026-08-07-12-47-04
RAFDB_stage1_gate_oracle_error_b070_T6_224_400e_swa200_seed1,2026-07-31-18-54-56,mechanism_ablation,stage1,gate,1.0,vich,plus,1.0,True,w100,oracle_error,A8-P5,1,400,200,6.0,0.3,none,365,89.73272490221643,0.06846718711115546,cached,83.4568625630103,2.248291,0.328584384,results/unified_students/RAFDB_stage1_gate_oracle_error_b070_T6_224_400e_swa200_seed1/2026-07-31-18-54-56
RAFDB_stage1_gate_oracle_error_b070_T6_224_400e_swa200_seed42,2026-07-31-14-14-40,mechanism_ablation,stage1,gate,1.0,vich,plus,1.0,True,w100,oracle_error,A8-P5,42,400,200,6.0,0.3,none,352,89.40677966101694,0.06863068848498642,cached,83.10827125815248,2.248291,0.328584384,results/unified_students/RAFDB_stage1_gate_oracle_error_b070_T6_224_400e_swa200_seed42/2026-07-31-14-14-40
RAFDB_stage1_gate_oracle_error_b070_T6_224_400e_swa200_seed43,2026-07-31-23-34-22,mechanism_ablation,stage1,gate,1.0,vich,plus,1.0,True,w100,oracle_error,A8-P5,43,400,200,6.0,0.3,none,268,89.47196870925684,0.07002983578375141,cached,82.87273183254975,2.248291,0.328584384,results/unified_students/RAFDB_stage1_gate_oracle_error_b070_T6_224_400e_swa200_seed43/2026-07-31-23-34-22
RAFDB_stage1_gate_target_logvar_b070_T6_224_400e_swa200,2026-07-20-01-22-31,mechanism_ablation,stage1,gate,1.0,vich,plus,1.0,True,w100,target_logvar,B2,42,400,200,6.0,0.3,none,366,89.96088657105607,0.058618450598035984,cached,84.75953920874184,2.248291,0.328584384,results/unified_students/RAFDB_stage1_gate_target_logvar_b070_T6_224_400e_swa200/2026-07-20-01-22-31
RAFDB_stage1_gate_target_logvar_b070_T6_224_400e_swa200_seed1,2026-08-07-15-10-33,mechanism_ablation,stage1,gate,1.0,vich,plus,1.0,True,w100,target_logvar,A12,1,400,200,6.0,0.3,none,290,90.02607561929595,0.06893610558927915,cached,83.85340782285448,2.248291,0.328584384,results/unified_students/RAFDB_stage1_gate_target_logvar_b070_T6_224_400e_swa200_seed1/2026-08-07-15-10-33
RAFDB_stage1_gate_target_logvar_b070_T6_224_400e_swa200_seed43,2026-08-07-17-31-14,mechanism_ablation,stage1,gate,1.0,vich,plus,1.0,True,w100,target_logvar,A12,43,400,200,6.0,0.3,none,280,89.70013037809647,0.0685636285483604,cached,83.59812622703328,2.248291,0.328584384,results/unified_students/RAFDB_stage1_gate_target_logvar_b070_T6_224_400e_swa200_seed43/2026-08-07-17-31-14
RAFDB_stage1_logit_std_b070_T6_224_200e_noSWA,2026-07-19-20-51-29,mechanism_ablation,stage1,logit_std,1.0,vich,plus,1.0,True,w100,,,42,200,,6.0,0.3,effective_number,130,88.29856584093872,0.19045378782603078,cached,82.0697320767256,2.248291,0.328584384,results/unified_students/RAFDB_stage1_logit_std_b070_T6_224_200e_noSWA/2026-07-19-20-51-29
RAFDB_stage1_logit_std_b070_T6_224_400e_swa200,2026-07-18-14-39-16,mechanism_ablation,stage1,logit_std,1.0,vich,plus,1.0,True,w100,,,42,400,200,6.0,0.3,effective_number,300,89.30899608865711,0.18360451650666132,cached,83.43809060911018,2.248291,0.328584384,results/unified_students/RAFDB_stage1_logit_std_b070_T6_224_400e_swa200/2026-07-18-14-39-16
RAFDB_stage1_logit_std_b070_T6_224_400e_swa200_seed1,2026-07-29-01-24-08,mechanism_ablation,stage1,logit_std,1.0,vich,plus,1.0,True,w100,,A7,1,400,200,6.0,0.3,effective_number,378,89.56975228161669,0.19004509799580685,cached,83.59184528381081,2.248291,0.328584384,results/unified_students/RAFDB_stage1_logit_std_b070_T6_224_400e_swa200_seed1/2026-07-29-01-24-08
RAFDB_stage1_logit_std_b070_T6_224_400e_swa200_seed43,2026-07-29-01-24-13,mechanism_ablation,stage1,logit_std,1.0,vich,plus,1.0,True,w100,,A7,43,400,200,6.0,0.3,effective_number,373,89.4393741851369,0.19041820828750672,cached,84.11112008717971,2.248291,0.328584384,results/unified_students/RAFDB_stage1_logit_std_b070_T6_224_400e_swa200_seed43/2026-07-29-01-24-13
RAFDB_stage1_p6alpha_a010_ts100_b070_T6_224_400e_swa200_seed1,2026-08-03-17-51-50,baseline,stage1,none,1.0,vich,plus,1.0,True,w100,,P6,1,400,200,6.0,0.1,effective_number,397,89.86310299869622,0.07013361437690616,cached,83.4894204925027,2.248291,0.328584384,results/unified_students/RAFDB_stage1_p6alpha_a010_ts100_b070_T6_224_400e_swa200_seed1/2026-08-03-17-51-50
RAFDB_stage1_p6alpha_a010_ts100_b070_T6_224_400e_swa200_seed42,2026-08-03-08-25-44,baseline,stage1,none,1.0,vich,plus,1.0,True,w100,,P6,42,400,200,6.0,0.1,effective_number,392,90.1238591916558,0.06304878797843527,cached,84.4720452019476,2.248291,0.328584384,results/unified_students/RAFDB_stage1_p6alpha_a010_ts100_b070_T6_224_400e_swa200_seed42/2026-08-03-08-25-44
RAFDB_stage1_p6alpha_a010_ts100_b070_T6_224_400e_swa200_seed43,2026-08-04-03-14-02,baseline,stage1,none,1.0,vich,plus,1.0,True,w100,,P6,43,400,200,6.0,0.1,effective_number,390,89.83050847457628,0.06944377997202855,cached,83.88535454699483,2.248291,0.328584384,results/unified_students/RAFDB_stage1_p6alpha_a010_ts100_b070_T6_224_400e_swa200_seed43/2026-08-04-03-14-02
RAFDB_stage1_p6alpha_a010_ts134_b070_T6_224_400e_swa200_seed1,2026-08-03-20-16-02,dose_response,stage1,T=1.3406,1.3406,vich,plus,1.0,True,w100,,P6,1,400,200,6.0,0.1,effective_number,150,90.15645371577575,0.03299280350258018,cached,84.7144553174218,2.248291,0.328584384,results/unified_students/RAFDB_stage1_p6alpha_a010_ts134_b070_T6_224_400e_swa200_seed1/2026-08-03-20-16-02
RAFDB_stage1_p6alpha_a010_ts134_b070_T6_224_400e_swa200_seed42,2026-08-03-10-49-46,dose_response,stage1,T=1.3406,1.3406,vich,plus,1.0,True,w100,,P6,42,400,200,6.0,0.1,effective_number,287,89.79791395045632,0.04069444124806658,cached,83.52181297032163,2.248291,0.328584384,results/unified_students/RAFDB_stage1_p6alpha_a010_ts134_b070_T6_224_400e_swa200_seed42/2026-08-03-10-49-46
RAFDB_stage1_p6alpha_a010_ts134_b070_T6_224_400e_swa200_seed43,2026-08-04-05-32-07,dose_response,stage1,T=1.3406,1.3406,vich,plus,1.0,True,w100,,P6,43,400,200,6.0,0.1,effective_number,311,89.73272490221643,0.04842973206158256,cached,83.06424394891933,2.248291,0.328584384,results/unified_students/RAFDB_stage1_p6alpha_a010_ts134_b070_T6_224_400e_swa200_seed43/2026-08-04-05-32-07
RAFDB_stage1_p6alpha_a050_ts100_b070_T6_224_400e_swa200_seed1,2026-08-04-21-52-34,baseline,stage1,none,1.0,vich,plus,1.0,True,w100,,P6,1,400,200,6.0,0.5,effective_number,283,89.66753585397653,0.06262752416178176,cached,82.93615202760812,2.248291,0.328584384,results/unified_students/RAFDB_stage1_p6alpha_a050_ts100_b070_T6_224_400e_swa200_seed1/2026-08-04-21-52-34
RAFDB_stage1_p6alpha_a050_ts100_b070_T6_224_400e_swa200_seed42,2026-08-04-12-32-18,baseline,stage1,none,1.0,vich,plus,1.0,True,w100,,P6,42,400,200,6.0,0.5,effective_number,315,89.56975228161669,0.060582267035483695,cached,83.51641848701257,2.248291,0.328584384,results/unified_students/RAFDB_stage1_p6alpha_a050_ts100_b070_T6_224_400e_swa200_seed42/2026-08-04-12-32-18
RAFDB_stage1_p6alpha_a050_ts100_b070_T6_224_400e_swa200_seed43,2026-08-05-07-03-29,baseline,stage1,none,1.0,vich,plus,1.0,True,w100,,P6,43,400,200,6.0,0.5,effective_number,327,89.40677966101694,0.05999593366777725,cached,83.25394904147501,2.248291,0.328584384,results/unified_students/RAFDB_stage1_p6alpha_a050_ts100_b070_T6_224_400e_swa200_seed43/2026-08-05-07-03-29
RAFDB_stage1_p6alpha_a050_ts134_b070_T6_224_400e_swa200_seed1,2026-08-05-00-10-14,dose_response,stage1,T=1.3406,1.3406,vich,plus,1.0,True,w100,,P6,1,400,200,6.0,0.5,effective_number,242,89.79791395045632,0.03432661820460485,cached,84.39848372277446,2.248291,0.328584384,results/unified_students/RAFDB_stage1_p6alpha_a050_ts134_b070_T6_224_400e_swa200_seed1/2026-08-05-00-10-14
RAFDB_stage1_p6alpha_a050_ts134_b070_T6_224_400e_swa200_seed42,2026-08-04-14-52-25,dose_response,stage1,T=1.3406,1.3406,vich,plus,1.0,True,w100,,P6,42,400,200,6.0,0.5,effective_number,354,89.73272490221643,0.038100674801847305,cached,83.49957806241719,2.248291,0.328584384,results/unified_students/RAFDB_stage1_p6alpha_a050_ts134_b070_T6_224_400e_swa200_seed42/2026-08-04-14-52-25
RAFDB_stage1_p6alpha_a050_ts134_b070_T6_224_400e_swa200_seed43,2026-08-05-09-21-11,dose_response,stage1,T=1.3406,1.3406,vich,plus,1.0,True,w100,,P6,43,400,200,6.0,0.5,effective_number,328,89.50456323337679,0.04299443359869244,cached,83.77620159807344,2.248291,0.328584384,results/unified_students/RAFDB_stage1_p6alpha_a050_ts134_b070_T6_224_400e_swa200_seed43/2026-08-05-09-21-11
RAFDB_stage1_p6alpha_a070_ts100_b070_T6_224_400e_swa200_seed1,2026-08-05-02-28-14,baseline,stage1,none,1.0,vich,plus,1.0,True,w100,,P6,1,400,200,6.0,0.7,effective_number,337,89.4393741851369,0.03082919039677299,cached,83.8773899887461,2.248291,0.328584384,results/unified_students/RAFDB_stage1_p6alpha_a070_ts100_b070_T6_224_400e_swa200_seed1/2026-08-05-02-28-14
RAFDB_stage1_p6alpha_a070_ts100_b070_T6_224_400e_swa200_seed42,2026-08-04-17-13-27,baseline,stage1,none,1.0,vich,plus,1.0,True,w100,,P6,42,400,200,6.0,0.7,effective_number,314,89.53715775749674,0.029409174332601616,cached,83.81350701313727,2.248291,0.328584384,results/unified_students/RAFDB_stage1_p6alpha_a070_ts100_b070_T6_224_400e_swa200_seed42/2026-08-04-17-13-27
RAFDB_stage1_p6alpha_a070_ts100_b070_T6_224_400e_swa200_seed43,2026-08-05-11-40-18,baseline,stage1,none,1.0,vich,plus,1.0,True,w100,,P6,43,400,200,6.0,0.7,effective_number,334,89.08083441981746,0.03780478968089532,cached,82.7760466434437,2.248291,0.328584384,results/unified_students/RAFDB_stage1_p6alpha_a070_ts100_b070_T6_224_400e_swa200_seed43/2026-08-05-11-40-18
RAFDB_stage1_p6alpha_a070_ts134_b070_T6_224_400e_swa200_seed1,2026-08-05-04-46-02,dose_response,stage1,T=1.3406,1.3406,vich,plus,1.0,True,w100,,P6,1,400,200,6.0,0.7,effective_number,245,89.08083441981746,0.05175072445280393,cached,83.15525688160301,2.248291,0.328584384,results/unified_students/RAFDB_stage1_p6alpha_a070_ts134_b070_T6_224_400e_swa200_seed1/2026-08-05-04-46-02
RAFDB_stage1_p6alpha_a070_ts134_b070_T6_224_400e_swa200_seed42,2026-08-04-19-31-20,dose_response,stage1,T=1.3406,1.3406,vich,plus,1.0,True,w100,,P6,42,400,200,6.0,0.7,effective_number,278,89.76531942633638,0.0602325778721675,cached,83.46524022537167,2.248291,0.328584384,results/unified_students/RAFDB_stage1_p6alpha_a070_ts134_b070_T6_224_400e_swa200_seed42/2026-08-04-19-31-20
RAFDB_stage1_p6alpha_a070_ts134_b070_T6_224_400e_swa200_seed43,2026-08-05-13-58-48,dose_response,stage1,T=1.3406,1.3406,vich,plus,1.0,True,w100,,P6,43,400,200,6.0,0.7,effective_number,277,89.34159061277705,0.055478926918031024,cached,83.05449614053984,2.248291,0.328584384,results/unified_students/RAFDB_stage1_p6alpha_a070_ts134_b070_T6_224_400e_swa200_seed43/2026-08-05-13-58-48
RAFDB_stage1_p6alpha_a090_ts100_b070_T6_224_400e_swa200_seed1,2026-08-03-22-34-42,baseline,stage1,none,1.0,vich,plus,1.0,True,w100,,P6,1,400,200,6.0,0.9,effective_number,394,88.6245110821382,0.0785070663655597,cached,81.56018875153961,2.248291,0.328584384,results/unified_students/RAFDB_stage1_p6alpha_a090_ts100_b070_T6_224_400e_swa200_seed1/2026-08-03-22-34-42
RAFDB_stage1_p6alpha_a090_ts100_b070_T6_224_400e_swa200_seed42,2026-08-03-13-10-13,baseline,stage1,none,1.0,vich,plus,1.0,True,w100,,P6,42,400,200,6.0,0.9,effective_number,225,88.42894393741851,0.0859600210166506,cached,82.03858199842287,2.248291,0.328584384,results/unified_students/RAFDB_stage1_p6alpha_a090_ts100_b070_T6_224_400e_swa200_seed42/2026-08-03-13-10-13
RAFDB_stage1_p6alpha_a090_ts100_b070_T6_224_400e_swa200_seed43,2026-08-04-07-49-43,baseline,stage1,none,1.0,vich,plus,1.0,True,w100,,P6,43,400,200,6.0,0.9,effective_number,305,88.52672750977835,0.09207459071935233,cached,82.33006976153446,2.248291,0.328584384,results/unified_students/RAFDB_stage1_p6alpha_a090_ts100_b070_T6_224_400e_swa200_seed43/2026-08-04-07-49-43
RAFDB_stage1_p6alpha_a090_ts134_b070_T6_224_400e_swa200_seed1,2026-08-04-00-54-24,dose_response,stage1,T=1.3406,1.3406,vich,plus,1.0,True,w100,,P6,1,400,200,6.0,0.9,effective_number,234,88.33116036505866,0.11119795573154051,cached,81.66234948353622,2.248291,0.328584384,results/unified_students/RAFDB_stage1_p6alpha_a090_ts134_b070_T6_224_400e_swa200_seed1/2026-08-04-00-54-24
RAFDB_stage1_p6alpha_a090_ts134_b070_T6_224_400e_swa200_seed42,2026-08-03-15-30-01,dose_response,stage1,T=1.3406,1.3406,vich,plus,1.0,True,w100,,P6,42,400,200,6.0,0.9,effective_number,150,88.20078226857888,0.13737838254874815,cached,80.91692002014291,2.248291,0.328584384,results/unified_students/RAFDB_stage1_p6alpha_a090_ts134_b070_T6_224_400e_swa200_seed42/2026-08-03-15-30-01
RAFDB_stage1_p6alpha_a090_ts134_b070_T6_224_400e_swa200_seed43,2026-08-04-10-12-05,dose_response,stage1,T=1.3406,1.3406,vich,plus,1.0,True,w100,,P6,43,400,200,6.0,0.9,effective_number,306,87.8748370273794,0.12068911725375922,cached,81.39661148015982,2.248291,0.328584384,results/unified_students/RAFDB_stage1_p6alpha_a090_ts134_b070_T6_224_400e_swa200_seed43/2026-08-04-10-12-05
RAFDB_stage1_p6tau_T03_ts085_b070_224_400e_swa200_seed1,2026-08-02-06-34-38,dose_response,stage1,T=0.85,0.85,vich,plus,1.0,True,w100,,P6,1,400,200,3.0,0.3,effective_number,377,89.24380704041721,0.07837950156557202,cached,83.61838652940008,2.248291,0.328584384,results/unified_students/RAFDB_stage1_p6tau_T03_ts085_b070_224_400e_swa200_seed1/2026-08-02-06-34-38
RAFDB_stage1_p6tau_T03_ts085_b070_224_400e_swa200_seed42,2026-08-02-04-15-24,dose_response,stage1,T=0.85,0.85,vich,plus,1.0,True,w100,,P6,42,400,200,3.0,0.3,effective_number,360,89.66753585397653,0.06974659614371817,cached,83.75064259485322,2.248291,0.328584384,results/unified_students/RAFDB_stage1_p6tau_T03_ts085_b070_224_400e_swa200_seed42/2026-08-02-04-15-24
RAFDB_stage1_p6tau_T03_ts085_b070_224_400e_swa200_seed43,2026-08-02-08-53-43,dose_response,stage1,T=0.85,0.85,vich,plus,1.0,True,w100,,P6,43,400,200,3.0,0.3,effective_number,311,89.63494132985659,0.07580764037028752,cached,82.82231886462968,2.248291,0.328584384,results/unified_students/RAFDB_stage1_p6tau_T03_ts085_b070_224_400e_swa200_seed43/2026-08-02-08-53-43
RAFDB_stage1_p6tau_T03_ts134_b070_224_400e_swa200_seed1,2026-08-02-13-31-17,dose_response,stage1,T=1.3406,1.3406,vich,plus,1.0,True,w100,,P6,1,400,200,3.0,0.3,effective_number,357,89.50456323337679,0.04456041532785982,cached,83.39954660380197,2.248291,0.328584384,results/unified_students/RAFDB_stage1_p6tau_T03_ts134_b070_224_400e_swa200_seed1/2026-08-02-13-31-17
RAFDB_stage1_p6tau_T03_ts134_b070_224_400e_swa200_seed42,2026-08-02-11-12-32,dose_response,stage1,T=1.3406,1.3406,vich,plus,1.0,True,w100,,P6,42,400,200,3.0,0.3,effective_number,386,89.86310299869622,0.03278949926698379,cached,84.76928224977488,2.248291,0.328584384,results/unified_students/RAFDB_stage1_p6tau_T03_ts134_b070_224_400e_swa200_seed42/2026-08-02-11-12-32
RAFDB_stage1_p6tau_T03_ts134_b070_224_400e_swa200_seed43,2026-08-02-15-54-25,dose_response,stage1,T=1.3406,1.3406,vich,plus,1.0,True,w100,,P6,43,400,200,3.0,0.3,effective_number,324,89.70013037809647,0.02895665732169866,cached,83.2467885640589,2.248291,0.328584384,results/unified_students/RAFDB_stage1_p6tau_T03_ts134_b070_224_400e_swa200_seed43/2026-08-02-15-54-25
RAFDB_stage1_p6tau_T03_ts170_b070_224_400e_swa200_seed1,2026-08-01-16-43-13,dose_response,stage1,T=1.7,1.7,vich,plus,1.0,True,w100,,P6,1,400,200,3.0,0.3,effective_number,145,89.60234680573663,0.04275180374161672,cached,83.85290723212384,2.248291,0.328584384,results/unified_students/RAFDB_stage1_p6tau_T03_ts170_b070_224_400e_swa200_seed1/2026-08-01-16-43-13
RAFDB_stage1_p6tau_T03_ts170_b070_224_400e_swa200_seed42,2026-08-01-14-23-45,dose_response,stage1,T=1.7,1.7,vich,plus,1.0,True,w100,,P6,42,400,200,3.0,0.3,effective_number,370,89.83050847457628,0.04384624719075771,cached,84.18478261144342,2.248291,0.328584384,results/unified_students/RAFDB_stage1_p6tau_T03_ts170_b070_224_400e_swa200_seed42/2026-08-01-14-23-45
RAFDB_stage1_p6tau_T03_ts170_b070_224_400e_swa200_seed43,2026-08-01-19-01-46,dose_response,stage1,T=1.7,1.7,vich,plus,1.0,True,w100,,P6,43,400,200,3.0,0.3,effective_number,337,89.50456323337679,0.04914208972702747,cached,83.93747695843267,2.248291,0.328584384,results/unified_students/RAFDB_stage1_p6tau_T03_ts170_b070_224_400e_swa200_seed43/2026-08-01-19-01-46
RAFDB_stage1_p6tau_T12_ts085_b070_224_400e_swa200_seed1,2026-08-01-23-37-46,dose_response,stage1,T=0.85,0.85,vich,plus,1.0,True,w100,,P6,1,400,200,12.0,0.3,effective_number,394,90.22164276401564,0.06953913292020676,cached,84.31420870269098,2.248291,0.328584384,results/unified_students/RAFDB_stage1_p6tau_T12_ts085_b070_224_400e_swa200_seed1/2026-08-01-23-37-46
RAFDB_stage1_p6tau_T12_ts085_b070_224_400e_swa200_seed42,2026-08-01-21-19-48,dose_response,stage1,T=0.85,0.85,vich,plus,1.0,True,w100,,P6,42,400,200,12.0,0.3,effective_number,261,89.73272490221643,0.07144657915853925,cached,82.96418169026201,2.248291,0.328584384,results/unified_students/RAFDB_stage1_p6tau_T12_ts085_b070_224_400e_swa200_seed42/2026-08-01-21-19-48
RAFDB_stage1_p6tau_T12_ts085_b070_224_400e_swa200_seed43,2026-08-02-01-56-17,dose_response,stage1,T=0.85,0.85,vich,plus,1.0,True,w100,,P6,43,400,200,12.0,0.3,effective_number,283,89.99348109517601,0.0720856565365269,cached,84.59111740935444,2.248291,0.328584384,results/unified_students/RAFDB_stage1_p6tau_T12_ts085_b070_224_400e_swa200_seed43/2026-08-02-01-56-17
RAFDB_stage1_p6tau_T12_ts134_b070_224_400e_swa200_seed1,2026-08-02-20-32-30,dose_response,stage1,T=1.3406,1.3406,vich,plus,1.0,True,w100,,P6,1,400,200,12.0,0.3,effective_number,372,90.09126466753585,0.0290503939407279,cached,83.9224480296585,2.248291,0.328584384,results/unified_students/RAFDB_stage1_p6tau_T12_ts134_b070_224_400e_swa200_seed1/2026-08-02-20-32-30
RAFDB_stage1_p6tau_T12_ts134_b070_224_400e_swa200_seed42,2026-08-02-18-13-32,dose_response,stage1,T=1.3406,1.3406,vich,plus,1.0,True,w100,,P6,42,400,200,12.0,0.3,effective_number,132,90.05867014341591,0.02871482558985577,cached,83.98291336082629,2.248291,0.328584384,results/unified_students/RAFDB_stage1_p6tau_T12_ts134_b070_224_400e_swa200_seed42/2026-08-02-18-13-32
RAFDB_stage1_p6tau_T12_ts134_b070_224_400e_swa200_seed43,2026-08-02-22-51-46,dose_response,stage1,T=1.3406,1.3406,vich,plus,1.0,True,w100,,P6,43,400,200,12.0,0.3,effective_number,248,89.73272490221643,0.03649522987287856,cached,83.88897550603556,2.248291,0.328584384,results/unified_students/RAFDB_stage1_p6tau_T12_ts134_b070_224_400e_swa200_seed43/2026-08-02-22-51-46
RAFDB_stage1_p6tau_T12_ts170_b070_224_400e_swa200_seed1,2026-08-03-03-35-12,dose_response,stage1,T=1.7,1.7,vich,plus,1.0,True,w100,,P6,1,400,200,12.0,0.3,effective_number,394,89.66753585397653,0.056350896001406095,cached,83.91327082819424,2.248291,0.328584384,results/unified_students/RAFDB_stage1_p6tau_T12_ts170_b070_224_400e_swa200_seed1/2026-08-03-03-35-12
RAFDB_stage1_p6tau_T12_ts170_b070_224_400e_swa200_seed42,2026-08-03-01-10-45,dose_response,stage1,T=1.7,1.7,vich,plus,1.0,True,w100,,P6,42,400,200,12.0,0.3,effective_number,341,89.73272490221643,0.053677348276743524,cached,83.85688940574003,2.248291,0.328584384,results/unified_students/RAFDB_stage1_p6tau_T12_ts170_b070_224_400e_swa200_seed42/2026-08-03-01-10-45
RAFDB_stage1_p6tau_T12_ts170_b070_224_400e_swa200_seed43,2026-08-03-06-00-23,dose_response,stage1,T=1.7,1.7,vich,plus,1.0,True,w100,,P6,43,400,200,12.0,0.3,effective_number,283,89.86310299869622,0.05274488982857439,cached,84.44212494464703,2.248291,0.328584384,results/unified_students/RAFDB_stage1_p6tau_T12_ts170_b070_224_400e_swa200_seed43/2026-08-03-06-00-23
RAFDB_stage1_tempscale_T085_b070_T6_224_400e_swa200_seed1,2026-07-23-23-14-27,dose_response,stage1,T=0.85,0.85,vich,plus,1.0,True,w100,,A6,1,400,200,6.0,0.3,effective_number,300,89.66753585397653,0.07657871141816056,cached,83.5232292083892,2.248291,0.328584384,results/unified_students/RAFDB_stage1_tempscale_T085_b070_T6_224_400e_swa200_seed1/2026-07-23-23-14-27
RAFDB_stage1_tempscale_T085_b070_T6_224_400e_swa200_seed42,2026-07-23-10-35-11,dose_response,stage1,T=0.85,0.85,vich,plus,1.0,True,w100,,A6,42,400,200,6.0,0.3,effective_number,324,89.89569752281616,0.07578558091564781,cached,84.54445427000009,2.248291,0.328584384,results/unified_students/RAFDB_stage1_tempscale_T085_b070_T6_224_400e_swa200_seed42/2026-07-23-10-35-11
RAFDB_stage1_tempscale_T085_b070_T6_224_400e_swa200_seed43,2026-07-23-14-53-49,dose_response,stage1,T=0.85,0.85,vich,plus,1.0,True,w100,,A6,43,400,200,6.0,0.3,effective_number,344,89.79791395045632,0.07622482928761914,cached,84.78411579648845,2.248291,0.328584384,results/unified_students/RAFDB_stage1_tempscale_T085_b070_T6_224_400e_swa200_seed43/2026-07-23-14-53-49
RAFDB_stage1_tempscale_T1341_halfA_baseline_b070_T6_224_400e_swa200,2026-07-21-11-14-32,dose_response,stage1,T=1.3406,1.3406,vich,plus,1.0,True,w100,,,42,400,200,6.0,0.3,effective_number,394,89.92829204693612,0.033280989191600524,cached,83.53945218370546,2.248291,0.328584384,results/unified_students/RAFDB_stage1_tempscale_T1341_halfA_baseline_b070_T6_224_400e_swa200/2026-07-21-11-14-32
RAFDB_stage1_tempscale_T134_b070_T6_224_400e_swa200_seed1,2026-07-23-10-35-11,dose_response,stage1,T=1.3406,1.3406,vich,plus,1.0,True,w100,,A6,1,400,200,6.0,0.3,effective_number,256,89.89569752281616,0.03197585394049872,cached,83.63908703167857,2.248291,0.328584384,results/unified_students/RAFDB_stage1_tempscale_T134_b070_T6_224_400e_swa200_seed1/2026-07-23-10-35-11
RAFDB_stage1_tempscale_T134_b070_T6_224_400e_swa200_seed43,2026-07-24-03-24-24,dose_response,stage1,T=1.3406,1.3406,vich,plus,1.0,True,w100,,A6,43,400,200,6.0,0.3,effective_number,299,90.02607561929595,0.03655815165310204,cached,84.30286479043,2.248291,0.328584384,results/unified_students/RAFDB_stage1_tempscale_T134_b070_T6_224_400e_swa200_seed43/2026-07-24-03-24-24
RAFDB_stage1_tempscale_T170_b070_T6_224_400e_swa200_seed1,2026-07-24-03-24-13,dose_response,stage1,T=1.7,1.7,vich,plus,1.0,True,w100,,A6,1,400,200,6.0,0.3,effective_number,332,89.70013037809647,0.05042652824633746,cached,84.17995309973571,2.248291,0.328584384,results/unified_students/RAFDB_stage1_tempscale_T170_b070_T6_224_400e_swa200_seed1/2026-07-24-03-24-13
RAFDB_stage1_tempscale_T170_b070_T6_224_400e_swa200_seed42,2026-07-23-14-53-49,dose_response,stage1,T=1.7,1.7,vich,plus,1.0,True,w100,,A6,42,400,200,6.0,0.3,effective_number,316,89.56975228161669,0.06189813679557736,cached,84.65155590284704,2.248291,0.328584384,results/unified_students/RAFDB_stage1_tempscale_T170_b070_T6_224_400e_swa200_seed42/2026-07-23-14-53-49
RAFDB_stage1_tempscale_T170_b070_T6_224_400e_swa200_seed43,2026-07-23-19-06-06,dose_response,stage1,T=1.7,1.7,vich,plus,1.0,True,w100,,A6,43,400,200,6.0,0.3,effective_number,355,89.66753585397653,0.05585156774058491,cached,83.07078469907367,2.248291,0.328584384,results/unified_students/RAFDB_stage1_tempscale_T170_b070_T6_224_400e_swa200_seed43/2026-07-23-19-06-06
RAFDB_stage1_tempscale_T220_b070_T6_224_400e_swa200_seed1,2026-07-24-07-29-46,dose_response,stage1,T=2.2,2.2,vich,plus,1.0,True,w100,,A6,1,400,200,6.0,0.3,effective_number,129,89.374185136897,0.11017404511240657,cached,83.29338405916545,2.248291,0.328584384,results/unified_students/RAFDB_stage1_tempscale_T220_b070_T6_224_400e_swa200_seed1/2026-07-24-07-29-46
RAFDB_stage1_tempscale_T220_b070_T6_224_400e_swa200_seed42,2026-07-23-19-06-00,dose_response,stage1,T=2.2,2.2,vich,plus,1.0,True,w100,,A6,42,400,200,6.0,0.3,effective_number,388,89.96088657105607,0.127778511246693,cached,84.40858630196331,2.248291,0.328584384,results/unified_students/RAFDB_stage1_tempscale_T220_b070_T6_224_400e_swa200_seed42/2026-07-23-19-06-00
RAFDB_stage1_tempscale_T220_b070_T6_224_400e_swa200_seed43,2026-07-23-23-14-30,dose_response,stage1,T=2.2,2.2,vich,plus,1.0,True,w100,,A6,43,400,200,6.0,0.3,effective_number,380,89.83050847457628,0.11581564102093586,cached,84.11136542718053,2.248291,0.328584384,results/unified_students/RAFDB_stage1_tempscale_T220_b070_T6_224_400e_swa200_seed43/2026-07-23-23-14-30
RAFDB_vae9182_adaptive_t_b070_T6_224_400e_swa200,2026-07-19-00-33-08,mechanism_ablation,vae9182,adaptive_t,1.0,vich,plus,1.0,True,w100,,,42,400,200,6.0,0.3,effective_number,395,90.67796610169492,0.03472714679803811,cached,86.05594913104831,2.248291,0.328584384,results/unified_students/RAFDB_vae9182_adaptive_t_b070_T6_224_400e_swa200/2026-07-19-00-33-08
RAFDB_vae9182_adaptive_t_b070_T6_224_400e_swa200_seed1,2026-07-21-02-47-28,mechanism_ablation,vae9182,adaptive_t,1.0,vich,plus,1.0,True,w100,,,1,400,200,6.0,0.3,effective_number,315,90.05867014341591,0.030043273532794696,cached,84.55767641178811,2.248291,0.328584384,results/unified_students/RAFDB_vae9182_adaptive_t_b070_T6_224_400e_swa200_seed1/2026-07-21-02-47-28
RAFDB_vae9182_adaptive_t_b070_T6_224_400e_swa200_seed43,2026-07-20-18-35-32,mechanism_ablation,vae9182,adaptive_t,1.0,vich,plus,1.0,True,w100,,,43,400,200,6.0,0.3,effective_number,367,90.2542372881356,0.024643698359950117,cached,84.50324413788042,2.248291,0.328584384,results/unified_students/RAFDB_vae9182_adaptive_t_b070_T6_224_400e_swa200_seed43/2026-07-20-18-35-32
RAFDB_vae9182_adaptive_t_b070_T6_224_500e_swa200_seed1,2026-07-22-17-00-46,mechanism_ablation,vae9182,adaptive_t,1.0,vich,plus,1.0,True,w100,,,1,500,200,6.0,0.3,effective_number,451,90.64537157757496,0.027071738108079467,cached,85.52580214023192,2.248291,0.328584384,results/unified_students/RAFDB_vae9182_adaptive_t_b070_T6_224_500e_swa200_seed1/2026-07-22-17-00-46
RAFDB_vae9182_adaptive_t_b070_T6_224_500e_swa200_seed42,2026-07-22-11-48-05,mechanism_ablation,vae9182,adaptive_t,1.0,vich,plus,1.0,True,w100,,,42,500,200,6.0,0.3,effective_number,387,90.02607561929595,0.02505213693464284,cached,84.2243892036488,2.248291,0.328584384,results/unified_students/RAFDB_vae9182_adaptive_t_b070_T6_224_500e_swa200_seed42/2026-07-22-11-48-05
RAFDB_vae9182_adaptive_t_b070_T6_224_500e_swa200_seed43,2026-07-22-22-10-32,mechanism_ablation,vae9182,adaptive_t,1.0,vich,plus,1.0,True,w100,,,43,500,200,6.0,0.3,effective_number,138,90.38461538461539,0.02725842241513527,cached,85.60024063792359,2.248291,0.328584384,results/unified_students/RAFDB_vae9182_adaptive_t_b070_T6_224_500e_swa200_seed43/2026-07-22-22-10-32
RAFDB_vae9182_baseline_b070_T6_224_500e_swa200_seed1,2026-07-22-16-58-52,baseline,vae9182,none,1.0,vich,plus,1.0,True,w100,,,1,500,200,6.0,0.3,effective_number,149,90.54758800521513,0.031023774436897217,cached,84.8597326112814,2.248291,0.328584384,results/unified_students/RAFDB_vae9182_baseline_b070_T6_224_500e_swa200_seed1/2026-07-22-16-58-52
RAFDB_vae9182_baseline_b070_T6_224_500e_swa200_seed42,2026-07-22-11-48-04,baseline,vae9182,none,1.0,vich,plus,1.0,True,w100,,,42,500,200,6.0,0.3,effective_number,269,90.05867014341591,0.028382577322608023,cached,84.52298003974471,2.248291,0.328584384,results/unified_students/RAFDB_vae9182_baseline_b070_T6_224_500e_swa200_seed42/2026-07-22-11-48-04
RAFDB_vae9182_baseline_b070_T6_224_500e_swa200_seed43,2026-07-22-22-04-35,baseline,vae9182,none,1.0,vich,plus,1.0,True,w100,,,43,500,200,6.0,0.3,effective_number,139,90.35202086049544,0.030224057907697582,cached,84.88025247012504,2.248291,0.328584384,results/unified_students/RAFDB_vae9182_baseline_b070_T6_224_500e_swa200_seed43/2026-07-22-22-04-35
RAFDB_vae9182_baseline_noclassweight_b070_T6_224_400e_swa200_seed1,2026-07-29-21-20-26,baseline,vae9182,none,1.0,vich,plus,1.0,True,w100,,A8,1,400,200,6.0,0.3,none,334,90.35202086049544,0.02384547116004193,cached,84.87612959930348,2.248291,0.328584384,results/unified_students/RAFDB_vae9182_baseline_noclassweight_b070_T6_224_400e_swa200_seed1/2026-07-29-21-20-26
RAFDB_vae9182_baseline_noclassweight_b070_T6_224_400e_swa200_seed42,2026-07-29-14-24-13,baseline,vae9182,none,1.0,vich,plus,1.0,True,w100,,A8,42,400,200,6.0,0.3,none,298,90.67796610169492,0.021807788141470066,cached,85.1804947222029,2.248291,0.328584384,results/unified_students/RAFDB_vae9182_baseline_noclassweight_b070_T6_224_400e_swa200_seed42/2026-07-29-14-24-13
RAFDB_vae9182_baseline_noclassweight_b070_T6_224_400e_swa200_seed43,2026-07-29-16-44-46,baseline,vae9182,none,1.0,vich,plus,1.0,True,w100,,A8,43,400,200,6.0,0.3,none,373,90.15645371577575,0.021586408831344276,cached,84.5590718935656,2.248291,0.328584384,results/unified_students/RAFDB_vae9182_baseline_noclassweight_b070_T6_224_400e_swa200_seed43/2026-07-29-16-44-46
RAFDB_vae9182_betaKD_b070_T6_224_200e_noSWA,2026-06-20-18-35-53,baseline,vae9182,none,1.0,vich,plus,1.0,True,w100,,,42,200,,6.0,0.3,effective_number,139,89.92829204693612,0.028440819351388702,cached,84.5088607155726,2.248291,0.328584384,results/unified_students/RAFDB_vae9182_betaKD_b070_T6_224_200e_noSWA/2026-06-20-18-35-53
RAFDB_vae9182_betaKD_b070_T6_224_200e_noSWA_seed1,2026-07-17-16-01-11,baseline,vae9182,none,1.0,vich,plus,1.0,True,w100,,,1,200,,6.0,0.3,effective_number,149,89.96088657105607,0.028182702102592744,cached,84.64269199529225,2.248291,0.328584384,results/unified_students/RAFDB_vae9182_betaKD_b070_T6_224_200e_noSWA_seed1/2026-07-17-16-01-11
RAFDB_vae9182_betaKD_b070_T6_224_200e_noSWA_seed43,2026-06-20-22-25-30,baseline,vae9182,none,1.0,vich,plus,1.0,True,w100,,,43,200,,6.0,0.3,effective_number,66,89.34159061277705,0.03482447035192977,cached,83.0542849549139,2.248291,0.328584384,results/unified_students/RAFDB_vae9182_betaKD_b070_T6_224_200e_noSWA_seed43/2026-06-20-22-25-30
RAFDB_vae9182_betaKD_b070_T6_224_amp_classw,2026-06-18-20-47-38,baseline,vae9182,none,1.0,vich,plus,1.0,True,w100,,,42,200,90,6.0,0.3,effective_number,65,89.63494132985659,0.03028066886644786,cached,84.12177138672502,2.248291,0.328584384,results/unified_students/RAFDB_vae9182_betaKD_b070_T6_224_amp_classw/2026-06-18-20-47-38
RAFDB_vae9182_betaKD_b070_T6_224_best_400e_swa200,2026-06-20-08-38-09,baseline,vae9182,none,1.0,vich,plus,1.0,True,w100,,,42,400,200,6.0,0.3,effective_number,139,90.05867014341591,0.028509542938550108,cached,85.1850740524226,2.248291,0.328584384,results/unified_students/RAFDB_vae9182_betaKD_b070_T6_224_best_400e_swa200/2026-06-20-08-38-09
RAFDB_vae9182_betaKD_b070_T6_224_best_400e_swa200_seed1,2026-07-17-18-01-41,baseline,vae9182,none,1.0,vich,plus,1.0,True,w100,,,1,400,200,6.0,0.3,effective_number,335,90.35202086049544,0.02815573873311631,cached,84.77973375015378,2.248291,0.328584384,results/unified_students/RAFDB_vae9182_betaKD_b070_T6_224_best_400e_swa200_seed1/2026-07-17-18-01-41
RAFDB_vae9182_betaKD_b070_T6_224_best_400e_swa200_seed43,2026-07-17-22-05-44,baseline,vae9182,none,1.0,vich,plus,1.0,True,w100,,,43,400,200,6.0,0.3,effective_number,331,90.41720990873533,0.02509836382396529,cached,85.44209147462347,2.248291,0.328584384,results/unified_students/RAFDB_vae9182_betaKD_b070_T6_224_best_400e_swa200_seed43/2026-07-17-22-05-44
RAFDB_vae9182_betaKD_b070_T6_256_amp_classw,2026-06-18-16-41-52,baseline,vae9182,none,1.0,vich,plus,1.0,True,w100,,,42,200,90,6.0,0.3,effective_number,196,89.89569752281616,0.03358271465463153,cached,84.26061546444264,2.248291,0.429148224,results/unified_students/RAFDB_vae9182_betaKD_b070_T6_256_amp_classw/2026-06-18-16-41-52
RAFDB_vae9182_combined_g2g_adaptive_t_b070_T6_224_400e_swa200,2026-07-19-18-37-58,mechanism_ablation,vae9182,g2g_kl+adaptive_t,1.0,vich,plus,1.0,True,w100,,,42,400,200,6.0,0.3,effective_number,240,89.86310299869622,0.0319088396010374,cached,83.79959346298203,2.248291,0.328584384,results/unified_students/RAFDB_vae9182_combined_g2g_adaptive_t_b070_T6_224_400e_swa200/2026-07-19-18-37-58
RAFDB_vae9182_combined_g2g_adaptive_t_b070_T6_224_500e_swa200,2026-07-20-02-14-04,mechanism_ablation,vae9182,g2g_kl+adaptive_t,1.0,vich,plus,1.0,True,w100,,,42,500,200,6.0,0.3,effective_number,413,90.54758800521513,0.027806084870204157,cached,85.0325753467115,2.248291,0.328584384,results/unified_students/RAFDB_vae9182_combined_g2g_adaptive_t_b070_T6_224_500e_swa200/2026-07-20-02-14-04
RAFDB_vae9182_combined_g2g_adaptive_t_b070_T6_224_500e_swa200_seed1,2026-07-20-13-22-03,mechanism_ablation,vae9182,g2g_kl+adaptive_t,1.0,vich,plus,1.0,True,w100,,,1,500,200,6.0,0.3,effective_number,234,90.38461538461539,0.03353142453724278,cached,85.07457718800967,2.248291,0.328584384,results/unified_students/RAFDB_vae9182_combined_g2g_adaptive_t_b070_T6_224_500e_swa200_seed1/2026-07-20-13-22-03
RAFDB_vae9182_combined_g2g_adaptive_t_b070_T6_224_500e_swa200_seed43,2026-07-20-13-22-48,mechanism_ablation,vae9182,g2g_kl+adaptive_t,1.0,vich,plus,1.0,True,w100,,,43,500,200,6.0,0.3,effective_number,397,90.77574967405477,0.03216854583913997,cached,85.36172874306348,2.248291,0.328584384,results/unified_students/RAFDB_vae9182_combined_g2g_adaptive_t_b070_T6_224_500e_swa200_seed43/2026-07-20-13-22-48
RAFDB_vae9182_ctkd_b070_T6_224_400e_swa200,2026-07-19-04-36-29,mechanism_ablation,vae9182,ctkd,1.0,vich,plus,1.0,True,w100,,,42,400,200,6.0,0.3,effective_number,327,89.89569752281616,0.03214510354411338,cached,84.7764674933409,2.248291,0.328584384,results/unified_students/RAFDB_vae9182_ctkd_b070_T6_224_400e_swa200/2026-07-19-04-36-29
RAFDB_vae9182_frontier_w050_b070_T6_224_400e_swa200_seed1,2026-07-28-05-52-00,width_frontier,vae9182,width=0.5+scratch,1.0,vich,plus,0.5,False,w050,,B3,1,400,200,6.0,0.3,effective_number,234,86.17992177314211,0.033630758222809365,cached,78.15868829253218,0.712089,0.111711168,results/unified_students/RAFDB_vae9182_frontier_w050_b070_T6_224_400e_swa200_seed1/2026-07-28-05-52-00
RAFDB_vae9182_frontier_w050_b070_T6_224_400e_swa200_seed42,2026-07-28-05-50-58,width_frontier,vae9182,width=0.5+scratch,1.0,vich,plus,0.5,False,w050,,B3,42,400,200,6.0,0.3,effective_number,353,86.57105606258149,0.03696997268210411,cached,77.87213457791013,0.712089,0.111711168,results/unified_students/RAFDB_vae9182_frontier_w050_b070_T6_224_400e_swa200_seed42/2026-07-28-05-50-58
RAFDB_vae9182_frontier_w050_b070_T6_224_400e_swa200_seed43,2026-07-28-09-16-09,width_frontier,vae9182,width=0.5+scratch,1.0,vich,plus,0.5,False,w050,,B3,43,400,200,6.0,0.3,effective_number,388,86.34289439374186,0.03564081773297883,cached,78.69259218816637,0.712089,0.111711168,results/unified_students/RAFDB_vae9182_frontier_w050_b070_T6_224_400e_swa200_seed43/2026-07-28-09-16-09
RAFDB_vae9182_frontier_w050_tempscale_T170_b070_T6_224_400e_swa200_seed1,2026-07-30-05-26-39,dose_response,vae9182,T=1.7,1.7,vich,plus,0.5,False,w050,,B4,1,400,200,6.0,0.3,effective_number,336,86.70143415906128,0.15745635567696808,cached,79.44052238565956,0.712089,0.111711168,results/unified_students/RAFDB_vae9182_frontier_w050_tempscale_T170_b070_T6_224_400e_swa200_seed1/2026-07-30-05-26-39
RAFDB_vae9182_frontier_w050_tempscale_T170_b070_T6_224_400e_swa200_seed42,2026-07-30-01-56-53,dose_response,vae9182,T=1.7,1.7,vich,plus,0.5,False,w050,,B4,42,400,200,6.0,0.3,effective_number,383,87.02737940026076,0.14331448372973146,cached,79.45489558727125,0.712089,0.111711168,results/unified_students/RAFDB_vae9182_frontier_w050_tempscale_T170_b070_T6_224_400e_swa200_seed42/2026-07-30-01-56-53
RAFDB_vae9182_frontier_w050_tempscale_T220_b070_T6_224_400e_swa200_seed1,2026-07-30-05-26-39,dose_response,vae9182,T=2.2,2.2,vich,plus,0.5,False,w050,,B4,1,400,200,6.0,0.3,effective_number,334,86.04954367666232,0.20117448491798384,cached,79.20185741107925,0.712089,0.111711168,results/unified_students/RAFDB_vae9182_frontier_w050_tempscale_T220_b070_T6_224_400e_swa200_seed1/2026-07-30-05-26-39
RAFDB_vae9182_frontier_w050_tempscale_T220_b070_T6_224_400e_swa200_seed42,2026-07-30-01-56-52,dose_response,vae9182,T=2.2,2.2,vich,plus,0.5,False,w050,,B4,42,400,200,6.0,0.3,effective_number,395,85.36505867014341,0.2182361794128101,cached,77.01399011312203,0.712089,0.111711168,results/unified_students/RAFDB_vae9182_frontier_w050_tempscale_T220_b070_T6_224_400e_swa200_seed42/2026-07-30-01-56-52
RAFDB_vae9182_frontier_w075_b070_T6_224_400e_swa200_seed1,2026-07-28-12-59-07,width_frontier,vae9182,width=0.75+scratch,1.0,vich,plus,0.75,False,w075,,B3,1,400,200,6.0,0.3,effective_number,324,87.77705345501955,0.027575547936842366,cached,80.15252574704476,1.379843,0.233219488,results/unified_students/RAFDB_vae9182_frontier_w075_b070_T6_224_400e_swa200_seed1/2026-07-28-12-59-07
RAFDB_vae9182_frontier_w075_b070_T6_224_400e_swa200_seed42,2026-07-28-09-16-29,width_frontier,vae9182,width=0.75+scratch,1.0,vich,plus,0.75,False,w075,,B3,42,400,200,6.0,0.3,effective_number,371,87.38591916558019,0.03709584741696541,cached,80.40631830577342,1.379843,0.233219488,results/unified_students/RAFDB_vae9182_frontier_w075_b070_T6_224_400e_swa200_seed42/2026-07-28-09-16-29
RAFDB_vae9182_frontier_w075_b070_T6_224_400e_swa200_seed43,2026-07-28-12-59-33,width_frontier,vae9182,width=0.75+scratch,1.0,vich,plus,0.75,False,w075,,B3,43,400,200,6.0,0.3,effective_number,369,87.67926988265971,0.03414932239164429,cached,81.33398659222972,1.379843,0.233219488,results/unified_students/RAFDB_vae9182_frontier_w075_b070_T6_224_400e_swa200_seed43/2026-07-28-12-59-33
RAFDB_vae9182_frontier_w100ns_b070_T6_224_400e_swa200_seed1,2026-07-28-17-21-11,width_frontier,vae9182,width=1+scratch,1.0,vich,plus,1.0,False,w100ns,,B3,1,400,200,6.0,0.3,effective_number,380,88.13559322033898,0.03527581707284224,cached,81.42051001797188,2.248291,0.328584384,results/unified_students/RAFDB_vae9182_frontier_w100ns_b070_T6_224_400e_swa200_seed1/2026-07-28-17-21-11
RAFDB_vae9182_frontier_w100ns_b070_T6_224_400e_swa200_seed42,2026-07-28-17-21-01,width_frontier,vae9182,width=1+scratch,1.0,vich,plus,1.0,False,w100ns,,B3,42,400,200,6.0,0.3,effective_number,390,88.49413298565841,0.03299057370020171,cached,81.72650993599227,2.248291,0.328584384,results/unified_students/RAFDB_vae9182_frontier_w100ns_b070_T6_224_400e_swa200_seed42/2026-07-28-17-21-01
RAFDB_vae9182_frontier_w100ns_b070_T6_224_400e_swa200_seed43,2026-07-28-21-29-29,width_frontier,vae9182,width=1+scratch,1.0,vich,plus,1.0,False,w100ns,,B3,43,400,200,6.0,0.3,effective_number,377,88.33116036505866,0.030339137661954417,cached,81.60935672922754,2.248291,0.328584384,results/unified_students/RAFDB_vae9182_frontier_w100ns_b070_T6_224_400e_swa200_seed43/2026-07-28-21-29-29
RAFDB_vae9182_frontier_w100ns_tempscale_T170_b070_T6_224_400e_swa200_seed1,2026-08-08-12-08-14,dose_response,vae9182,T=1.7,1.7,vich,plus,1.0,False,w100ns,,A13,1,400,200,6.0,0.3,effective_number,275,87.8748370273794,0.14237702093931034,cached,81.01107245992068,2.248291,0.328584384,results/unified_students/RAFDB_vae9182_frontier_w100ns_tempscale_T170_b070_T6_224_400e_swa200_seed1/2026-08-08-12-08-14
RAFDB_vae9182_frontier_w100ns_tempscale_T170_b070_T6_224_400e_swa200_seed42,2026-08-08-09-52-11,dose_response,vae9182,T=1.7,1.7,vich,plus,1.0,False,w100ns,,A13,42,400,200,6.0,0.3,effective_number,355,87.61408083441981,0.13772182843636968,cached,80.7595521461512,2.248291,0.328584384,results/unified_students/RAFDB_vae9182_frontier_w100ns_tempscale_T170_b070_T6_224_400e_swa200_seed42/2026-08-08-09-52-11
RAFDB_vae9182_frontier_w100ns_tempscale_T220_b070_T6_224_400e_swa200_seed1,2026-08-08-16-49-26,dose_response,vae9182,T=2.2,2.2,vich,plus,1.0,False,w100ns,,A13,1,400,200,6.0,0.3,effective_number,380,87.64667535853977,0.22864139421977772,cached,81.40935522246023,2.248291,0.328584384,results/unified_students/RAFDB_vae9182_frontier_w100ns_tempscale_T220_b070_T6_224_400e_swa200_seed1/2026-08-08-16-49-26
RAFDB_vae9182_frontier_w100ns_tempscale_T220_b070_T6_224_400e_swa200_seed42,2026-08-08-14-27-20,dose_response,vae9182,T=2.2,2.2,vich,plus,1.0,False,w100ns,,A13,42,400,200,6.0,0.3,effective_number,360,87.45110821382008,0.21701613889407306,cached,80.11576943882746,2.248291,0.328584384,results/unified_students/RAFDB_vae9182_frontier_w100ns_tempscale_T220_b070_T6_224_400e_swa200_seed42/2026-08-08-14-27-20
RAFDB_vae9182_g2g_kl_b070_T6_224_400e_swa200,2026-07-18-16-18-13,mechanism_ablation,vae9182,g2g_kl,1.0,vich,plus,1.0,True,w100,,,42,400,200,6.0,0.3,effective_number,384,90.2542372881356,0.026185183298945272,cached,85.56985960223412,2.248291,0.328584384,results/unified_students/RAFDB_vae9182_g2g_kl_b070_T6_224_400e_swa200/2026-07-18-16-18-13
RAFDB_vae9182_g2g_kl_b070_T6_224_400e_swa200_seed1,2026-07-20-18-34-47,mechanism_ablation,vae9182,g2g_kl,1.0,vich,plus,1.0,True,w100,,,1,400,200,6.0,0.3,effective_number,339,90.22164276401564,0.03295908759516874,cached,84.34125056183086,2.248291,0.328584384,results/unified_students/RAFDB_vae9182_g2g_kl_b070_T6_224_400e_swa200_seed1/2026-07-20-18-34-47
RAFDB_vae9182_g2g_kl_b070_T6_224_400e_swa200_seed43,2026-07-20-22-40-47,mechanism_ablation,vae9182,g2g_kl,1.0,vich,plus,1.0,True,w100,,,43,400,200,6.0,0.3,effective_number,233,90.41720990873533,0.02748913340746502,cached,85.46360363146641,2.248291,0.328584384,results/unified_students/RAFDB_vae9182_g2g_kl_b070_T6_224_400e_swa200_seed43/2026-07-20-22-40-47
RAFDB_vae9182_gate_noclassweight_b070_T6_224_400e_swa200,2026-07-19-13-01-18,mechanism_ablation,vae9182,gate,1.0,vich,plus,1.0,True,w100,mean_logvar,B2,42,400,200,6.0,0.3,none,398,90.09126466753585,0.03221444886134066,cached,84.50526402821812,2.248291,0.328584384,results/unified_students/RAFDB_vae9182_gate_noclassweight_b070_T6_224_400e_swa200/2026-07-19-13-01-18
RAFDB_vae9182_gate_noclassweight_b070_T6_224_400e_swa200_seed1,2026-08-08-05-10-46,mechanism_ablation,vae9182,gate,1.0,vich,plus,1.0,True,w100,mean_logvar,A12,1,400,200,6.0,0.3,none,306,90.15645371577575,0.0233301085309457,cached,84.79801811049073,2.248291,0.328584384,results/unified_students/RAFDB_vae9182_gate_noclassweight_b070_T6_224_400e_swa200_seed1/2026-08-08-05-10-46
RAFDB_vae9182_gate_noclassweight_b070_T6_224_400e_swa200_seed43,2026-08-08-07-31-17,mechanism_ablation,vae9182,gate,1.0,vich,plus,1.0,True,w100,mean_logvar,A12,43,400,200,6.0,0.3,none,286,89.96088657105607,0.02720594915137608,cached,84.70852072732225,2.248291,0.328584384,results/unified_students/RAFDB_vae9182_gate_noclassweight_b070_T6_224_400e_swa200_seed43/2026-08-08-07-31-17
RAFDB_vae9182_gate_oracle_error_b070_T6_224_400e_swa200,2026-07-20-08-19-25,mechanism_ablation,vae9182,gate,1.0,vich,plus,1.0,True,w100,oracle_error,B2,42,400,200,6.0,0.3,none,237,89.66753585397653,0.030223117648311825,cached,83.98214660008924,2.248291,0.328584384,results/unified_students/RAFDB_vae9182_gate_oracle_error_b070_T6_224_400e_swa200/2026-07-20-08-19-25
RAFDB_vae9182_gate_oracle_error_b070_T6_224_400e_swa200_seed1,2026-07-29-23-37-29,mechanism_ablation,vae9182,gate,1.0,vich,plus,1.0,True,w100,oracle_error,A8,1,400,200,6.0,0.3,none,276,89.99348109517601,0.029608696402867743,cached,83.75033241931897,2.248291,0.328584384,results/unified_students/RAFDB_vae9182_gate_oracle_error_b070_T6_224_400e_swa200_seed1/2026-07-29-23-37-29
RAFDB_vae9182_gate_oracle_error_b070_T6_224_400e_swa200_seed43,2026-07-29-19-02-04,mechanism_ablation,vae9182,gate,1.0,vich,plus,1.0,True,w100,oracle_error,A8,43,400,200,6.0,0.3,none,363,90.15645371577575,0.033722956330944076,cached,85.0277699818627,2.248291,0.328584384,results/unified_students/RAFDB_vae9182_gate_oracle_error_b070_T6_224_400e_swa200_seed43/2026-07-29-19-02-04
RAFDB_vae9182_logit_std_b070_T6_224_400e_swa200,2026-07-18-20-26-49,mechanism_ablation,vae9182,logit_std,1.0,vich,plus,1.0,True,w100,,,42,400,200,6.0,0.3,effective_number,370,89.76531942633638,0.18205059740347534,cached,83.45498534719835,2.248291,0.328584384,results/unified_students/RAFDB_vae9182_logit_std_b070_T6_224_400e_swa200/2026-07-18-20-26-49
RAFDB_vae9182_logit_std_b070_T6_224_400e_swa200_seed1,2026-07-29-09-47-35,mechanism_ablation,vae9182,logit_std,1.0,vich,plus,1.0,True,w100,,A7,1,400,200,6.0,0.3,effective_number,357,89.96088657105607,0.17877970222563447,cached,84.30224313571368,2.248291,0.328584384,results/unified_students/RAFDB_vae9182_logit_std_b070_T6_224_400e_swa200_seed1/2026-07-29-09-47-35
RAFDB_vae9182_logit_std_b070_T6_224_400e_swa200_seed43,2026-07-29-09-47-35,mechanism_ablation,vae9182,logit_std,1.0,vich,plus,1.0,True,w100,,A7,43,400,200,6.0,0.3,effective_number,305,89.53715775749674,0.19337684084142825,cached,83.9505794320309,2.248291,0.328584384,results/unified_students/RAFDB_vae9182_logit_std_b070_T6_224_400e_swa200_seed43/2026-07-29-09-47-35
RAFDB_vae9182_miscalT0731_adaptivetoff_b070_T6_224_400e_swa200_seed1,2026-07-25-23-19-09,miscal_causal,vae9182,T=0.7311,0.7311,vich,plus,1.0,True,w100,,A2,1,400,200,6.0,0.3,effective_number,380,90.51499348109517,0.04416676362031753,cached,85.05381366423421,2.248291,0.328584384,results/unified_students/RAFDB_vae9182_miscalT0731_adaptivetoff_b070_T6_224_400e_swa200_seed1/2026-07-25-23-19-09
RAFDB_vae9182_miscalT0731_adaptivetoff_b070_T6_224_400e_swa200_seed42,2026-07-26-03-28-47,miscal_causal,vae9182,T=0.7311,0.7311,vich,plus,1.0,True,w100,,A2,42,400,200,6.0,0.3,effective_number,368,90.1238591916558,0.046410978481542645,cached,84.4556928518149,2.248291,0.328584384,results/unified_students/RAFDB_vae9182_miscalT0731_adaptivetoff_b070_T6_224_400e_swa200_seed42/2026-07-26-03-28-47
RAFDB_vae9182_miscalT0731_adaptiveton_b070_T6_224_400e_swa200_seed1,2026-07-26-03-27-51,miscal_causal,vae9182,T=0.7311+adaptive_t,0.7311,vich,plus,1.0,True,w100,,A2,1,400,200,6.0,0.3,effective_number,362,90.38461538461539,0.03885714903065869,cached,84.88320971343589,2.248291,0.328584384,results/unified_students/RAFDB_vae9182_miscalT0731_adaptiveton_b070_T6_224_400e_swa200_seed1/2026-07-26-03-27-51
RAFDB_vae9182_miscalT0731_adaptiveton_b070_T6_224_400e_swa200_seed42,2026-07-26-07-40-31,miscal_causal,vae9182,T=0.7311+adaptive_t,0.7311,vich,plus,1.0,True,w100,,A2,42,400,200,6.0,0.3,effective_number,369,90.44980443285529,0.04752168420707076,cached,85.16253111254555,2.248291,0.328584384,results/unified_students/RAFDB_vae9182_miscalT0731_adaptiveton_b070_T6_224_400e_swa200_seed42/2026-07-26-07-40-31
RAFDB_vae9182_pluslinear_T6_224_400e_swa200_seed1,2026-07-24-13-00-59,vich_isolation,vae9182,head=linear,1.0,linear,plus,1.0,True,w100,,B1,1,400,200,6.0,0.3,effective_number,330,90.31942633637549,0.03606185431663807,cached,84.5470920439358,2.239324,0.328575424,results/unified_students/RAFDB_vae9182_pluslinear_T6_224_400e_swa200_seed1/2026-07-24-13-00-59
RAFDB_vae9182_pluslinear_T6_224_400e_swa200_seed42,2026-07-24-10-48-02,vich_isolation,vae9182,head=linear,1.0,linear,plus,1.0,True,w100,,B1,42,400,200,6.0,0.3,effective_number,270,90.15645371577575,0.034395334977447754,cached,85.04547619867647,2.239324,0.328575424,results/unified_students/RAFDB_vae9182_pluslinear_T6_224_400e_swa200_seed42/2026-07-24-10-48-02
RAFDB_vae9182_pluslinear_T6_224_400e_swa200_seed43,2026-07-24-15-14-46,vich_isolation,vae9182,head=linear,1.0,linear,plus,1.0,True,w100,,B1,43,400,200,6.0,0.3,effective_number,237,90.28683181225554,0.029968903265223203,cached,85.0022491194505,2.239324,0.328575424,results/unified_students/RAFDB_vae9182_pluslinear_T6_224_400e_swa200_seed43/2026-07-24-15-14-46
RAFDB_vae9182_tempscale_T085_b070_T6_224_400e_swa200_seed1,2026-07-25-10-55-15,dose_response,vae9182,T=0.85,0.85,vich,plus,1.0,True,w100,,A1,1,400,200,6.0,0.3,effective_number,368,90.1890482398957,0.03395559577055207,cached,84.45857445231255,2.248291,0.328584384,results/unified_students/RAFDB_vae9182_tempscale_T085_b070_T6_224_400e_swa200_seed1/2026-07-25-10-55-15
RAFDB_vae9182_tempscale_T085_b070_T6_224_400e_swa200_seed42,2026-07-24-18-05-50,dose_response,vae9182,T=0.85,0.85,vich,plus,1.0,True,w100,,A1,42,400,200,6.0,0.3,effective_number,300,90.1238591916558,0.035435735635372,cached,85.01365024041347,2.248291,0.328584384,results/unified_students/RAFDB_vae9182_tempscale_T085_b070_T6_224_400e_swa200_seed42/2026-07-24-18-05-50
RAFDB_vae9182_tempscale_T085_b070_T6_224_400e_swa200_seed43,2026-07-25-02-43-00,dose_response,vae9182,T=0.85,0.85,vich,plus,1.0,True,w100,,A1,43,400,200,6.0,0.3,effective_number,328,90.1890482398957,0.03754914614142464,cached,85.09229004347686,2.248291,0.328584384,results/unified_students/RAFDB_vae9182_tempscale_T085_b070_T6_224_400e_swa200_seed43/2026-07-25-02-43-00
RAFDB_vae9182_tempscale_T095_b070_T6_224_400e_swa200_seed1,2026-08-06-13-13-48,dose_response,vae9182,T=0.95,0.95,vich,plus,1.0,True,w100,,G0,1,400,200,6.0,0.3,effective_number,354,90.31942633637549,0.030984184353805427,cached,84.73916977072085,2.248291,0.328584384,results/unified_students/RAFDB_vae9182_tempscale_T095_b070_T6_224_400e_swa200_seed1/2026-08-06-13-13-48
RAFDB_vae9182_tempscale_T095_b070_T6_224_400e_swa200_seed42,2026-08-06-01-16-55,dose_response,vae9182,T=0.95,0.95,vich,plus,1.0,True,w100,,G0,42,400,200,6.0,0.3,effective_number,369,90.31942633637549,0.028013148487119353,cached,84.68708924231026,2.248291,0.328584384,results/unified_students/RAFDB_vae9182_tempscale_T095_b070_T6_224_400e_swa200_seed42/2026-08-06-01-16-55
RAFDB_vae9182_tempscale_T095_b070_T6_224_400e_swa200_seed43,2026-08-06-17-45-25,dose_response,vae9182,T=0.95,0.95,vich,plus,1.0,True,w100,,G0,43,400,200,6.0,0.3,effective_number,249,90.28683181225554,0.03093521706419942,cached,84.5594354528839,2.248291,0.328584384,results/unified_students/RAFDB_vae9182_tempscale_T095_b070_T6_224_400e_swa200_seed43/2026-08-06-17-45-25
RAFDB_vae9182_tempscale_T110_b070_T6_224_400e_swa200_seed1,2026-08-06-15-28-49,dose_response,vae9182,T=1.1,1.1,vich,plus,1.0,True,w100,,G0,1,400,200,6.0,0.3,effective_number,309,90.31942633637549,0.044226709107298895,cached,84.9609541997318,2.248291,0.328584384,results/unified_students/RAFDB_vae9182_tempscale_T110_b070_T6_224_400e_swa200_seed1/2026-08-06-15-28-49
RAFDB_vae9182_tempscale_T110_b070_T6_224_400e_swa200_seed42,2026-08-06-10-55-02,dose_response,vae9182,T=1.1,1.1,vich,plus,1.0,True,w100,,G0,42,400,200,6.0,0.3,effective_number,391,90.1890482398957,0.037377932149008634,cached,84.37034013923034,2.248291,0.328584384,results/unified_students/RAFDB_vae9182_tempscale_T110_b070_T6_224_400e_swa200_seed42/2026-08-06-10-55-02
RAFDB_vae9182_tempscale_T110_b070_T6_224_400e_swa200_seed43,2026-08-06-20-05-29,dose_response,vae9182,T=1.1,1.1,vich,plus,1.0,True,w100,,G0,43,400,200,6.0,0.3,effective_number,361,90.15645371577575,0.03508362549477326,cached,84.77624540624012,2.248291,0.328584384,results/unified_students/RAFDB_vae9182_tempscale_T110_b070_T6_224_400e_swa200_seed43/2026-08-06-20-05-29
RAFDB_vae9182_tempscale_T134_b070_T6_224_400e_swa200_seed1,2026-07-25-15-03-07,dose_response,vae9182,T=1.3406,1.3406,vich,plus,1.0,True,w100,,A1,1,400,200,6.0,0.3,effective_number,328,90.02607561929595,0.09399063982351197,cached,84.30149263906074,2.248291,0.328584384,results/unified_students/RAFDB_vae9182_tempscale_T134_b070_T6_224_400e_swa200_seed1/2026-07-25-15-03-07
RAFDB_vae9182_tempscale_T134_b070_T6_224_400e_swa200_seed42,2026-07-24-22-22-33,dose_response,vae9182,T=1.3406,1.3406,vich,plus,1.0,True,w100,,A1,42,400,200,6.0,0.3,effective_number,370,90.22164276401564,0.06549575620827494,cached,85.34702906614561,2.248291,0.328584384,results/unified_students/RAFDB_vae9182_tempscale_T134_b070_T6_224_400e_swa200_seed42/2026-07-24-22-22-33
RAFDB_vae9182_tempscale_T134_b070_T6_224_400e_swa200_seed43,2026-07-25-06-49-04,dose_response,vae9182,T=1.3406,1.3406,vich,plus,1.0,True,w100,,A1,43,400,200,6.0,0.3,effective_number,328,90.38461538461539,0.07067181007764176,cached,85.07789367812988,2.248291,0.328584384,results/unified_students/RAFDB_vae9182_tempscale_T134_b070_T6_224_400e_swa200_seed43/2026-07-25-06-49-04
RAFDB_vae9182_tempscale_T170_b070_T6_224_400e_swa200_seed1,2026-07-24-18-05-50,dose_response,vae9182,T=1.7,1.7,vich,plus,1.0,True,w100,,A1,1,400,200,6.0,0.3,effective_number,125,89.99348109517601,0.13911509757674503,cached,84.36966932575862,2.248291,0.328584384,results/unified_students/RAFDB_vae9182_tempscale_T170_b070_T6_224_400e_swa200_seed1/2026-07-24-18-05-50
RAFDB_vae9182_tempscale_T170_b070_T6_224_400e_swa200_seed42,2026-07-25-02-43-02,dose_response,vae9182,T=1.7,1.7,vich,plus,1.0,True,w100,,A1,42,400,200,6.0,0.3,effective_number,359,89.79791395045632,0.13105083997161013,cached,84.35203599420326,2.248291,0.328584384,results/unified_students/RAFDB_vae9182_tempscale_T170_b070_T6_224_400e_swa200_seed42/2026-07-25-02-43-02
RAFDB_vae9182_tempscale_T170_b070_T6_224_400e_swa200_seed43,2026-07-25-10-55-06,dose_response,vae9182,T=1.7,1.7,vich,plus,1.0,True,w100,,A1,43,400,200,6.0,0.3,effective_number,129,89.50456323337679,0.15729636581422762,cached,83.66792191337075,2.248291,0.328584384,results/unified_students/RAFDB_vae9182_tempscale_T170_b070_T6_224_400e_swa200_seed43/2026-07-25-10-55-06
RAFDB_vae9182_tempscale_T220_b070_T6_224_400e_swa200_seed1,2026-07-24-22-22-33,dose_response,vae9182,T=2.2,2.2,vich,plus,1.0,True,w100,,A1,1,400,200,6.0,0.3,effective_number,265,90.1890482398957,0.22848968509453527,cached,84.47911220653309,2.248291,0.328584384,results/unified_students/RAFDB_vae9182_tempscale_T220_b070_T6_224_400e_swa200_seed1/2026-07-24-22-22-33
RAFDB_vae9182_tempscale_T220_b070_T6_224_400e_swa200_seed42,2026-07-25-06-49-11,dose_response,vae9182,T=2.2,2.2,vich,plus,1.0,True,w100,,A1,42,400,200,6.0,0.3,effective_number,304,90.09126466753585,0.2219874386662299,cached,83.76255325844816,2.248291,0.328584384,results/unified_students/RAFDB_vae9182_tempscale_T220_b070_T6_224_400e_swa200_seed42/2026-07-25-06-49-11
RAFDB_vae9182_tempscale_T220_b070_T6_224_400e_swa200_seed43,2026-07-25-15-03-00,dose_response,vae9182,T=2.2,2.2,vich,plus,1.0,True,w100,,A1,43,400,200,6.0,0.3,effective_number,129,90.02607561929595,0.2351683200260496,cached,84.78785038111886,2.248291,0.328584384,results/unified_students/RAFDB_vae9182_tempscale_T220_b070_T6_224_400e_swa200_seed43/2026-07-25-15-03-00
RAFDB_vichteacher_primary_9201_betaKD_b070_T6_224_200e_noSWA,2026-07-18-04-13-43,baseline,primary,none,1.0,vich,plus,1.0,True,w100,,,42,200,,6.0,0.3,effective_number,63,88.85267275097783,0.0713461069815162,cached,83.89212579700292,2.248291,0.328584384,results/unified_students/RAFDB_vichteacher_primary_9201_betaKD_b070_T6_224_200e_noSWA/2026-07-18-04-13-43
RAFDB_vichteacher_primary_9201_betaKD_b070_T6_224_best_400e_swa200,2026-07-18-06-19-36,baseline,primary,none,1.0,vich,plus,1.0,True,w100,,,42,400,200,6.0,0.3,effective_number,243,89.60234680573663,0.06541965206334613,cached,83.90025037426683,2.248291,0.328584384,results/unified_students/RAFDB_vichteacher_primary_9201_betaKD_b070_T6_224_best_400e_swa200/2026-07-18-06-19-36
RAFDB_vichteacher_stage1_9224_betaKD_b070_T6_224_200e_noSWA,2026-07-18-00-35-41,baseline,stage1,none,1.0,vich,plus,1.0,True,w100,,,42,200,,6.0,0.3,effective_number,150,89.89569752281616,0.05706200228987026,cached,84.08051838512839,2.248291,0.328584384,results/unified_students/RAFDB_vichteacher_stage1_9224_betaKD_b070_T6_224_200e_noSWA/2026-07-18-00-35-41
RAFDB_vichteacher_stage1_9224_betaKD_b070_T6_224_best_400e_swa200,2026-07-18-01-45-58,baseline,stage1,none,1.0,vich,plus,1.0,True,w100,,,42,400,200,6.0,0.3,effective_number,145,89.66753585397653,0.05811636455871912,cached,83.5101710111627,2.248291,0.328584384,results/unified_students/RAFDB_vichteacher_stage1_9224_betaKD_b070_T6_224_best_400e_swa200/2026-07-18-01-45-58
